--
-- PostgreSQL database dump
--

-- Dumped from database version 14.15 (Homebrew)
-- Dumped by pg_dump version 14.15 (Homebrew)

SET statement_timeout = 0;
SET lock_timeout = 0;
SET idle_in_transaction_session_timeout = 0;
SET client_encoding = 'UTF8';
SET standard_conforming_strings = on;
SELECT pg_catalog.set_config('search_path', '', false);
SET check_function_bodies = false;
SET xmloption = content;
SET client_min_messages = warning;
SET row_security = off;

SET default_tablespace = '';

SET default_table_access_method = heap;

--
-- Name: alembic_version; Type: TABLE; Schema: public; Owner: postgres
--

CREATE TABLE public.alembic_version (
    version_num character varying(32) NOT NULL
);


ALTER TABLE public.alembic_version OWNER TO postgres;

--
-- Name: kart_combos; Type: TABLE; Schema: public; Owner: postgres
--

CREATE TABLE public.kart_combos (
    combo_id integer NOT NULL,
    character_name character varying(50) NOT NULL,
    vehicle_name character varying(50) NOT NULL,
    tire_name character varying(50) NOT NULL,
    glider_name character varying(50) NOT NULL,
    created_at timestamp without time zone
);


ALTER TABLE public.kart_combos OWNER TO postgres;

--
-- Name: kart_combos_combo_id_seq; Type: SEQUENCE; Schema: public; Owner: postgres
--

CREATE SEQUENCE public.kart_combos_combo_id_seq
    AS integer
    START WITH 1
    INCREMENT BY 1
    NO MINVALUE
    NO MAXVALUE
    CACHE 1;


ALTER TABLE public.kart_combos_combo_id_seq OWNER TO postgres;

--
-- Name: kart_combos_combo_id_seq; Type: SEQUENCE OWNED BY; Schema: public; Owner: postgres
--

ALTER SEQUENCE public.kart_combos_combo_id_seq OWNED BY public.kart_combos.combo_id;


--
-- Name: players; Type: TABLE; Schema: public; Owner: postgres
--

CREATE TABLE public.players (
    player_id integer NOT NULL,
    player_first_name character varying(50) NOT NULL,
    player_last_name character varying(50) NOT NULL,
    player_nickname character varying(50) NOT NULL,
    elo_rating integer NOT NULL,
    created_at timestamp without time zone
);


ALTER TABLE public.players OWNER TO postgres;

--
-- Name: players_player_id_seq; Type: SEQUENCE; Schema: public; Owner: postgres
--

CREATE SEQUENCE public.players_player_id_seq
    AS integer
    START WITH 1
    INCREMENT BY 1
    NO MINVALUE
    NO MAXVALUE
    CACHE 1;


ALTER TABLE public.players_player_id_seq OWNER TO postgres;

--
-- Name: players_player_id_seq; Type: SEQUENCE OWNED BY; Schema: public; Owner: postgres
--

ALTER SEQUENCE public.players_player_id_seq OWNED BY public.players.player_id;


--
-- Name: prixs; Type: TABLE; Schema: public; Owner: postgres
--

CREATE TABLE public.prixs (
    prix_id integer NOT NULL,
    prix_type character varying(10) NOT NULL,
    cup_name character varying(50),
    number_of_players integer NOT NULL,
    cc_class integer NOT NULL,
    is_mirror_mode boolean,
    is_teams_mode boolean,
    items_setting character varying(10) NOT NULL,
    com_level character varying(10) NOT NULL,
    com_vehicles character varying(10) NOT NULL,
    courses_setting character varying(10) NOT NULL,
    race_count integer NOT NULL,
    date_played timestamp without time zone,
    CONSTRAINT prixs_cc_class_check CHECK ((cc_class = ANY (ARRAY[50, 100, 150, 200]))),
    CONSTRAINT prixs_com_level_check CHECK (((com_level)::text = ANY ((ARRAY['normal'::character varying, 'hard'::character varying])::text[]))),
    CONSTRAINT prixs_com_vehicles_check CHECK (((com_vehicles)::text = ANY ((ARRAY['all'::character varying, 'bikes_only'::character varying, 'karts_only'::character varying])::text[]))),
    CONSTRAINT prixs_courses_setting_check CHECK (((courses_setting)::text = ANY ((ARRAY['choose'::character varying, 'random'::character varying, 'in_order'::character varying])::text[]))),
    CONSTRAINT prixs_items_setting_check CHECK (((items_setting)::text = ANY ((ARRAY['normal'::character varying, 'shells_only'::character varying, 'bananas_only'::character varying, 'mushrooms_only'::character varying, 'bob-ombs_only'::character varying, 'coins_only'::character varying, 'frantic_items'::character varying, 'customer_items'::character varying, 'none'::character varying])::text[]))),
    CONSTRAINT prixs_number_of_players_check CHECK ((number_of_players = ANY (ARRAY[1, 2, 3, 4]))),
    CONSTRAINT prixs_prix_type_check CHECK (((prix_type)::text = ANY ((ARRAY['grand_prix'::character varying, 'vs_race'::character varying])::text[]))),
    CONSTRAINT prixs_race_count_check CHECK ((race_count = ANY (ARRAY[4, 6, 8, 12, 16, 24, 32, 48])))
);


ALTER TABLE public.prixs OWNER TO postgres;

--
-- Name: prixs_prix_id_seq; Type: SEQUENCE; Schema: public; Owner: postgres
--

CREATE SEQUENCE public.prixs_prix_id_seq
    AS integer
    START WITH 1
    INCREMENT BY 1
    NO MINVALUE
    NO MAXVALUE
    CACHE 1;


ALTER TABLE public.prixs_prix_id_seq OWNER TO postgres;

--
-- Name: prixs_prix_id_seq; Type: SEQUENCE OWNED BY; Schema: public; Owner: postgres
--

ALTER SEQUENCE public.prixs_prix_id_seq OWNED BY public.prixs.prix_id;


--
-- Name: race_results; Type: TABLE; Schema: public; Owner: postgres
--

CREATE TABLE public.race_results (
    result_id integer NOT NULL,
    race_id integer,
    player_id integer,
    combo_id integer,
    finish_position integer NOT NULL,
    points_earned integer NOT NULL,
    created_at timestamp without time zone,
    CONSTRAINT race_results_finish_position_check CHECK (((finish_position >= 1) AND (finish_position <= 12))),
    CONSTRAINT race_results_finish_position_check1 CHECK (((finish_position >= 1) AND (finish_position <= 12))),
    CONSTRAINT race_results_points_earned_check CHECK (((points_earned >= 1) AND (points_earned <= 15))),
    CONSTRAINT race_results_points_earned_check1 CHECK (((points_earned >= 1) AND (points_earned <= 15)))
);


ALTER TABLE public.race_results OWNER TO postgres;

--
-- Name: race_results_result_id_seq; Type: SEQUENCE; Schema: public; Owner: postgres
--

CREATE SEQUENCE public.race_results_result_id_seq
    AS integer
    START WITH 1
    INCREMENT BY 1
    NO MINVALUE
    NO MAXVALUE
    CACHE 1;


ALTER TABLE public.race_results_result_id_seq OWNER TO postgres;

--
-- Name: race_results_result_id_seq; Type: SEQUENCE OWNED BY; Schema: public; Owner: postgres
--

ALTER SEQUENCE public.race_results_result_id_seq OWNED BY public.race_results.result_id;


--
-- Name: races; Type: TABLE; Schema: public; Owner: postgres
--

CREATE TABLE public.races (
    race_id integer NOT NULL,
    prix_id integer,
    track_id integer,
    race_number integer NOT NULL,
    created_at timestamp without time zone,
    CONSTRAINT races_race_number_check CHECK ((race_number > 0)),
    CONSTRAINT races_race_number_check1 CHECK ((race_number > 0))
);


ALTER TABLE public.races OWNER TO postgres;

--
-- Name: races_race_id_seq; Type: SEQUENCE; Schema: public; Owner: postgres
--

CREATE SEQUENCE public.races_race_id_seq
    AS integer
    START WITH 1
    INCREMENT BY 1
    NO MINVALUE
    NO MAXVALUE
    CACHE 1;


ALTER TABLE public.races_race_id_seq OWNER TO postgres;

--
-- Name: races_race_id_seq; Type: SEQUENCE OWNED BY; Schema: public; Owner: postgres
--

ALTER SEQUENCE public.races_race_id_seq OWNED BY public.races.race_id;


--
-- Name: tracks; Type: TABLE; Schema: public; Owner: postgres
--

CREATE TABLE public.tracks (
    track_id integer NOT NULL,
    track_name character varying(100) NOT NULL,
    cup_name character varying(50) NOT NULL,
    created_at timestamp without time zone
);


ALTER TABLE public.tracks OWNER TO postgres;

--
-- Name: tracks_track_id_seq; Type: SEQUENCE; Schema: public; Owner: postgres
--

CREATE SEQUENCE public.tracks_track_id_seq
    AS integer
    START WITH 1
    INCREMENT BY 1
    NO MINVALUE
    NO MAXVALUE
    CACHE 1;


ALTER TABLE public.tracks_track_id_seq OWNER TO postgres;

--
-- Name: tracks_track_id_seq; Type: SEQUENCE OWNED BY; Schema: public; Owner: postgres
--

ALTER SEQUENCE public.tracks_track_id_seq OWNED BY public.tracks.track_id;


--
-- Name: kart_combos combo_id; Type: DEFAULT; Schema: public; Owner: postgres
--

ALTER TABLE ONLY public.kart_combos ALTER COLUMN combo_id SET DEFAULT nextval('public.kart_combos_combo_id_seq'::regclass);


--
-- Name: players player_id; Type: DEFAULT; Schema: public; Owner: postgres
--

ALTER TABLE ONLY public.players ALTER COLUMN player_id SET DEFAULT nextval('public.players_player_id_seq'::regclass);


--
-- Name: prixs prix_id; Type: DEFAULT; Schema: public; Owner: postgres
--

ALTER TABLE ONLY public.prixs ALTER COLUMN prix_id SET DEFAULT nextval('public.prixs_prix_id_seq'::regclass);


--
-- Name: race_results result_id; Type: DEFAULT; Schema: public; Owner: postgres
--

ALTER TABLE ONLY public.race_results ALTER COLUMN result_id SET DEFAULT nextval('public.race_results_result_id_seq'::regclass);


--
-- Name: races race_id; Type: DEFAULT; Schema: public; Owner: postgres
--

ALTER TABLE ONLY public.races ALTER COLUMN race_id SET DEFAULT nextval('public.races_race_id_seq'::regclass);


--
-- Name: tracks track_id; Type: DEFAULT; Schema: public; Owner: postgres
--

ALTER TABLE ONLY public.tracks ALTER COLUMN track_id SET DEFAULT nextval('public.tracks_track_id_seq'::regclass);


--
-- Data for Name: alembic_version; Type: TABLE DATA; Schema: public; Owner: postgres
--

COPY public.alembic_version (version_num) FROM stdin;
\.


--
-- Data for Name: kart_combos; Type: TABLE DATA; Schema: public; Owner: postgres
--

COPY public.kart_combos (combo_id, character_name, vehicle_name, tire_name, glider_name, created_at) FROM stdin;
1	Lemmy	Biddybuggy	Azure Roller	Paper Glider	2025-01-02 02:16:53.144736
2	Bowser Jr	Varmint	Azure Roller	Paper Glider	2025-01-02 02:16:53.150383
3	Isabelle	Pipe Frame	Roller	MKTV Parafoil	2025-01-03 21:05:04.198453
4	Baby Peach	Biddybuggy	Azure Roller	Paper Glider	2025-01-07 01:59:50.596046
5	Bowser Jr	Biddybuggy	Azure Roller	Paper Glider	2025-01-09 22:15:05.919173
6	Bowser Jr	Pipe Frame	Azure Roller	Paper Glider	2025-01-18 15:35:01.640965
7	Lemmy	Mr. Scooty	Azure Roller	Paper Glider	2025-01-21 03:47:37.913569
8	Lemmy	Varmint	Azure Roller	Paper Glider	2025-01-23 00:44:02.416065
9	Shy Guy	Biddybuggy	Azure Roller	Paper Glider	2025-02-07 04:05:09.526335
\.


--
-- Data for Name: players; Type: TABLE DATA; Schema: public; Owner: postgres
--

COPY public.players (player_id, player_first_name, player_last_name, player_nickname, elo_rating, created_at) FROM stdin;
7	Jonah	Isen	snafu	1348	2025-02-07 04:05:02.623727
6	Noah	Blaff	phoine	1276	2025-01-21 03:47:33.27754
4	Sam	Baranek	zipper	1285	2025-01-07 01:59:47.516041
3	Ethan	Cohen	tuvia	996	2025-01-03 21:04:34.250067
1	Jacob	Beallor	queso	1499	2025-01-02 02:15:12.715779
2	Jason	Kronick	daddy	1549	2025-01-02 02:16:11.627492
5	Jake	Stupp	d'brick	1195	2025-01-18 15:34:58.15384
\.


--
-- Data for Name: prixs; Type: TABLE DATA; Schema: public; Owner: postgres
--

COPY public.prixs (prix_id, prix_type, cup_name, number_of_players, cc_class, is_mirror_mode, is_teams_mode, items_setting, com_level, com_vehicles, courses_setting, race_count, date_played) FROM stdin;
2	vs_race	\N	2	200	f	f	normal	hard	all	random	6	2025-01-02 02:37:00.855708
3	vs_race	\N	2	200	f	f	normal	hard	all	random	6	2025-01-02 16:17:12.036984
4	vs_race	\N	3	200	f	f	normal	hard	all	random	6	2025-01-03 21:05:04.185442
5	vs_race	\N	3	200	f	f	normal	hard	all	random	4	2025-01-04 04:31:16.226996
6	vs_race	\N	2	200	f	f	normal	hard	all	random	6	2025-01-04 18:06:58.570827
7	vs_race	\N	2	200	f	f	normal	hard	all	random	6	2025-01-05 03:39:41.387798
8	vs_race	\N	2	200	f	f	normal	hard	all	random	6	2025-01-05 19:32:54.900708
9	vs_race	\N	2	200	f	f	normal	hard	all	random	6	2025-01-06 17:30:31.195839
10	vs_race	\N	3	200	f	f	normal	hard	all	random	6	2025-01-07 01:59:50.586322
11	vs_race	\N	2	200	f	f	normal	hard	all	random	6	2025-01-07 22:58:20.127785
12	vs_race	\N	2	200	f	f	normal	hard	all	random	6	2025-01-09 22:15:05.913138
13	vs_race	\N	2	200	f	f	normal	hard	all	random	6	2025-01-10 02:17:36.145891
14	vs_race	\N	2	200	f	f	normal	hard	all	random	6	2025-01-10 17:31:02.312347
15	vs_race	\N	2	200	f	f	normal	hard	all	random	6	2025-01-10 20:51:32.5953
16	vs_race	\N	2	200	f	f	normal	hard	all	random	6	2025-01-11 17:38:55.996525
17	vs_race	\N	2	200	f	f	normal	hard	all	random	6	2025-01-11 22:50:47.941262
18	vs_race	\N	2	200	f	f	normal	hard	all	random	6	2025-01-12 03:41:19.731911
19	vs_race	\N	2	200	f	f	normal	hard	all	random	6	2025-01-12 20:23:44.07864
20	vs_race	\N	2	200	f	f	normal	hard	all	random	6	2025-01-13 02:09:56.859755
21	vs_race	\N	2	200	f	f	normal	hard	all	random	6	2025-01-13 17:22:40.184569
22	vs_race	\N	2	200	f	f	normal	hard	all	random	6	2025-01-14 02:09:51.916415
23	vs_race	\N	2	200	f	f	normal	hard	all	random	6	2025-01-14 17:37:42.67881
24	vs_race	\N	2	200	f	f	normal	hard	all	random	6	2025-01-15 17:18:28.486711
25	vs_race	\N	2	200	f	f	normal	hard	all	random	6	2025-01-16 01:51:38.481914
26	vs_race	\N	2	200	f	f	normal	hard	all	random	6	2025-01-16 01:52:48.703171
27	vs_race	\N	2	200	f	f	normal	hard	all	random	6	2025-01-18 15:27:32.430102
28	vs_race	\N	2	200	f	f	normal	hard	all	random	6	2025-01-18 15:29:24.216471
29	vs_race	\N	2	200	f	f	normal	hard	all	random	6	2025-01-18 15:30:38.118597
30	vs_race	\N	3	200	f	f	normal	hard	all	random	6	2025-01-18 15:35:01.634451
31	vs_race	\N	2	200	f	f	normal	hard	all	random	6	2025-01-18 18:43:12.071199
32	vs_race	\N	2	200	f	f	normal	hard	all	random	6	2025-01-20 01:41:14.011685
33	vs_race	\N	3	200	f	f	normal	hard	all	random	6	2025-01-20 01:46:11.24216
34	vs_race	\N	3	200	f	f	normal	hard	all	random	6	2025-01-20 02:36:09.782082
35	vs_race	\N	2	200	f	f	normal	hard	all	random	6	2025-01-20 17:48:27.532699
36	vs_race	\N	2	200	f	f	normal	hard	all	random	6	2025-01-21 03:45:44.133571
37	vs_race	\N	3	200	f	f	normal	hard	all	random	6	2025-01-21 03:47:37.908975
38	vs_race	\N	2	200	f	f	normal	hard	all	random	6	2025-01-22 18:16:49.553526
39	vs_race	\N	3	200	f	f	normal	hard	all	random	6	2025-01-23 00:44:02.41007
40	vs_race	\N	2	200	f	f	normal	hard	all	random	6	2025-01-23 18:42:31.47891
41	vs_race	\N	2	200	f	f	normal	hard	all	random	6	2025-02-06 18:42:31.237836
42	vs_race	\N	4	200	f	f	normal	hard	all	random	6	2025-02-07 04:05:09.514689
43	vs_race	\N	2	200	f	f	normal	hard	all	random	6	2025-02-07 17:43:20.806885
44	vs_race	\N	2	200	f	f	normal	hard	all	random	6	2025-02-08 21:42:24.75998
45	vs_race	\N	2	200	f	f	normal	hard	all	random	6	2025-02-18 17:40:37.778065
46	vs_race	\N	2	200	f	f	normal	hard	all	random	6	2025-02-21 17:27:51.046955
47	vs_race	\N	2	200	f	f	normal	hard	all	random	6	2025-02-21 17:29:13.547372
48	vs_race	\N	2	200	f	f	normal	hard	all	random	6	2025-02-21 23:20:34.650493
49	vs_race	\N	2	200	f	f	normal	hard	all	random	6	2025-02-25 17:46:20.308409
50	vs_race	\N	2	200	f	f	normal	hard	all	random	6	2025-02-26 02:32:35.939412
51	vs_race	\N	2	200	f	f	normal	hard	all	random	6	2025-02-26 20:22:54.982096
\.


--
-- Data for Name: race_results; Type: TABLE DATA; Schema: public; Owner: postgres
--

COPY public.race_results (result_id, race_id, player_id, combo_id, finish_position, points_earned, created_at) FROM stdin;
1	1	2	2	3	10	2025-01-02 02:39:15.318608
2	1	1	1	1	15	2025-01-02 02:39:15.318613
3	2	2	2	3	10	2025-01-02 02:41:45.245672
4	2	1	1	1	15	2025-01-02 02:41:45.245678
5	3	2	2	2	12	2025-01-02 02:43:56.281663
6	3	1	1	1	15	2025-01-02 02:43:56.281667
7	4	2	2	2	12	2025-01-02 02:46:19.165502
8	4	1	1	1	15	2025-01-02 02:46:19.165506
9	5	2	2	1	15	2025-01-02 02:48:38.738601
10	5	1	1	3	10	2025-01-02 02:48:38.738606
11	6	2	2	2	12	2025-01-02 02:51:29.403307
12	6	1	1	1	15	2025-01-02 02:51:29.403312
13	7	2	2	1	15	2025-01-02 16:17:23.974637
14	7	1	1	2	12	2025-01-02 16:17:23.97464
15	8	2	2	2	12	2025-01-02 16:19:45.909628
16	8	1	1	1	15	2025-01-02 16:19:45.909633
17	9	2	2	2	12	2025-01-02 16:22:01.507636
18	9	1	1	1	15	2025-01-02 16:22:01.507641
19	10	2	2	1	15	2025-01-02 16:24:26.588677
20	10	1	1	3	10	2025-01-02 16:24:26.58868
21	11	2	2	4	9	2025-01-02 16:26:30.307538
22	11	1	1	2	12	2025-01-02 16:26:30.307541
23	12	2	2	3	10	2025-01-02 16:28:47.846741
24	12	1	1	1	15	2025-01-02 16:28:47.846746
25	13	2	2	4	9	2025-01-03 21:08:00.537549
26	13	1	1	5	8	2025-01-03 21:08:00.537557
27	13	3	3	8	5	2025-01-03 21:08:00.537558
28	14	2	2	3	10	2025-01-03 21:10:48.809837
29	14	1	1	1	15	2025-01-03 21:10:48.809842
30	14	3	3	6	7	2025-01-03 21:10:48.809843
31	15	2	2	2	12	2025-01-03 21:13:16.10843
32	15	1	1	1	15	2025-01-03 21:13:16.108435
33	15	3	3	12	1	2025-01-03 21:13:16.108436
34	16	2	2	2	12	2025-01-03 21:15:57.807425
35	16	1	1	1	15	2025-01-03 21:15:57.807428
36	16	3	3	7	6	2025-01-03 21:15:57.80743
37	17	2	2	2	12	2025-01-03 21:18:40.169048
38	17	1	1	1	15	2025-01-03 21:18:40.169054
39	17	3	3	12	1	2025-01-03 21:18:40.169055
40	18	2	2	1	15	2025-01-03 21:22:06.829865
41	18	1	1	3	10	2025-01-03 21:22:06.829869
42	18	3	3	6	7	2025-01-03 21:22:06.829871
43	19	2	2	5	8	2025-01-04 04:33:34.710418
44	19	1	1	1	15	2025-01-04 04:33:34.710423
45	19	3	3	6	7	2025-01-04 04:33:34.710424
46	20	2	2	1	15	2025-01-04 04:36:03.289927
47	20	1	1	6	7	2025-01-04 04:36:03.289932
48	20	3	3	9	4	2025-01-04 04:36:03.289933
49	21	2	2	1	15	2025-01-04 04:38:14.052564
50	21	1	1	2	12	2025-01-04 04:38:14.052569
51	21	3	3	7	6	2025-01-04 04:38:14.052571
52	22	2	2	3	10	2025-01-04 04:41:00.03477
53	22	1	1	2	12	2025-01-04 04:41:00.034775
54	22	3	3	4	9	2025-01-04 04:41:00.034776
55	23	2	2	4	9	2025-01-04 18:10:37.83352
56	23	1	1	1	15	2025-01-04 18:10:37.833524
57	24	2	2	2	12	2025-01-04 18:13:15.665509
58	24	1	1	1	15	2025-01-04 18:13:15.665513
59	25	2	2	1	15	2025-01-04 18:15:54.974988
60	25	1	1	8	5	2025-01-04 18:15:54.974993
61	26	2	2	4	9	2025-01-04 18:19:24.740736
62	26	1	1	1	15	2025-01-04 18:19:24.740741
63	27	2	2	3	10	2025-01-04 18:21:38.645766
64	27	1	1	1	15	2025-01-04 18:21:38.645769
65	28	2	2	1	15	2025-01-04 18:23:53.347615
66	28	1	1	2	12	2025-01-04 18:23:53.34762
67	29	2	2	1	15	2025-01-05 03:44:01.51527
68	29	1	1	2	12	2025-01-05 03:44:01.515275
69	30	2	2	2	12	2025-01-05 03:46:21.609335
70	30	1	1	1	15	2025-01-05 03:46:21.60934
71	31	2	2	3	10	2025-01-05 03:48:23.620104
72	31	1	1	1	15	2025-01-05 03:48:23.620109
73	32	2	2	2	12	2025-01-05 03:50:51.629289
74	32	1	1	1	15	2025-01-05 03:50:51.629294
75	33	2	2	2	12	2025-01-05 03:53:17.409441
76	33	1	1	1	15	2025-01-05 03:53:17.409445
77	34	2	2	2	12	2025-01-05 03:55:30.716319
78	34	1	1	1	15	2025-01-05 03:55:30.716323
79	35	2	2	1	15	2025-01-05 19:37:05.559017
80	35	1	1	3	10	2025-01-05 19:37:05.559021
81	36	2	2	3	10	2025-01-05 19:39:39.545897
82	36	1	1	1	15	2025-01-05 19:39:39.5459
83	37	2	2	3	10	2025-01-05 19:41:54.996208
84	37	1	1	1	15	2025-01-05 19:41:54.996212
85	38	2	2	1	15	2025-01-05 19:44:02.736733
86	38	1	1	2	12	2025-01-05 19:44:02.736738
87	39	2	2	1	15	2025-01-05 19:46:15.058949
88	39	1	1	7	6	2025-01-05 19:46:15.058954
89	40	2	2	2	12	2025-01-05 19:48:56.324193
90	40	1	1	1	15	2025-01-05 19:48:56.324197
91	41	2	2	1	15	2025-01-06 17:33:09.216571
92	41	1	1	3	10	2025-01-06 17:33:09.216574
93	42	2	2	1	15	2025-01-06 17:38:21.479728
94	42	1	1	2	12	2025-01-06 17:38:21.479733
95	43	2	2	3	10	2025-01-06 17:40:11.618413
96	43	1	1	1	15	2025-01-06 17:40:11.618417
97	44	2	2	1	15	2025-01-06 17:43:16.446777
98	44	1	1	3	10	2025-01-06 17:43:16.44678
99	45	2	2	4	9	2025-01-06 17:45:14.180015
100	45	1	1	3	10	2025-01-06 17:45:14.18002
101	46	2	2	5	8	2025-01-06 17:47:27.114567
102	46	1	1	1	15	2025-01-06 17:47:27.11457
103	47	2	2	1	15	2025-01-07 02:02:35.503888
104	47	1	1	5	8	2025-01-07 02:02:35.503891
105	47	4	4	9	4	2025-01-07 02:02:35.503893
106	48	2	2	5	8	2025-01-07 02:04:34.34919
107	48	1	1	4	9	2025-01-07 02:04:34.349194
108	48	4	4	2	12	2025-01-07 02:04:34.349196
109	49	2	2	2	12	2025-01-07 02:07:07.067343
110	49	1	1	1	15	2025-01-07 02:07:07.067348
111	49	4	4	7	6	2025-01-07 02:07:07.06735
112	50	2	2	1	15	2025-01-07 02:09:54.504911
113	50	1	1	3	10	2025-01-07 02:09:54.504915
114	50	4	4	2	12	2025-01-07 02:09:54.504916
115	51	2	2	3	10	2025-01-07 02:12:16.53712
116	51	1	1	1	15	2025-01-07 02:12:16.537123
117	51	4	4	6	7	2025-01-07 02:12:16.537125
118	52	2	2	5	8	2025-01-07 02:14:52.352597
119	52	1	1	1	15	2025-01-07 02:14:52.352601
120	52	4	4	2	12	2025-01-07 02:14:52.352603
121	53	2	2	1	15	2025-01-07 23:00:25.437711
122	53	1	1	9	4	2025-01-07 23:00:25.437715
123	54	2	2	1	15	2025-01-07 23:02:48.687862
124	54	1	1	2	12	2025-01-07 23:02:48.687866
125	55	2	2	2	12	2025-01-07 23:04:56.664687
126	55	1	1	1	15	2025-01-07 23:04:56.664691
127	56	2	2	1	15	2025-01-07 23:07:25.846854
128	56	1	1	6	7	2025-01-07 23:07:25.846858
129	57	2	2	2	12	2025-01-07 23:09:49.014889
130	57	1	1	3	10	2025-01-07 23:09:49.014893
131	58	2	2	2	12	2025-01-07 23:12:09.610757
132	58	1	1	5	8	2025-01-07 23:12:09.610761
133	59	2	5	5	8	2025-01-09 22:17:38.902991
134	59	1	1	2	12	2025-01-09 22:17:38.902997
135	60	2	5	2	12	2025-01-09 22:20:28.352973
136	60	1	1	1	15	2025-01-09 22:20:28.352979
137	61	2	5	1	15	2025-01-09 22:22:30.936315
138	61	1	1	2	12	2025-01-09 22:22:30.93632
139	62	2	5	2	12	2025-01-09 22:24:43.485061
140	62	1	1	1	15	2025-01-09 22:24:43.485065
141	63	2	5	1	15	2025-01-09 22:26:39.962601
142	63	1	1	3	10	2025-01-09 22:26:39.962606
143	64	2	5	2	12	2025-01-09 22:28:59.45897
144	64	1	1	1	15	2025-01-09 22:28:59.458974
145	65	2	5	1	15	2025-01-10 02:20:31.74535
146	65	1	1	5	8	2025-01-10 02:20:31.745354
147	66	2	5	3	10	2025-01-10 02:22:17.95245
148	66	1	1	1	15	2025-01-10 02:22:17.952453
149	67	2	5	1	15	2025-01-10 02:24:06.7683
150	67	1	1	2	12	2025-01-10 02:24:06.768306
151	68	2	5	2	12	2025-01-10 02:26:28.458571
152	68	1	1	1	15	2025-01-10 02:26:28.458575
153	69	2	5	2	12	2025-01-10 02:28:39.889477
154	69	1	1	1	15	2025-01-10 02:28:39.889481
155	70	2	5	1	15	2025-01-10 02:31:13.079334
156	70	1	1	2	12	2025-01-10 02:31:13.079337
157	71	2	5	1	15	2025-01-10 17:33:21.114639
158	71	1	1	2	12	2025-01-10 17:33:21.114643
159	72	2	5	3	10	2025-01-10 17:35:29.481735
160	72	1	1	1	15	2025-01-10 17:35:29.48174
161	73	2	5	1	15	2025-01-10 17:38:09.847383
162	73	1	1	3	10	2025-01-10 17:38:09.847388
163	74	2	5	3	10	2025-01-10 17:40:26.054054
164	74	1	1	1	15	2025-01-10 17:40:26.054058
165	75	2	5	5	8	2025-01-10 17:42:52.567065
166	75	1	1	1	15	2025-01-10 17:42:52.567069
167	76	2	5	2	12	2025-01-10 17:45:14.971391
168	76	1	1	1	15	2025-01-10 17:45:14.971397
169	77	2	5	1	15	2025-01-10 20:53:32.851447
170	77	1	1	3	10	2025-01-10 20:53:32.851452
171	78	2	5	2	12	2025-01-10 20:56:04.803743
172	78	1	1	1	15	2025-01-10 20:56:04.803748
175	80	2	5	1	15	2025-01-10 21:00:47.221982
176	80	1	1	5	8	2025-01-10 21:00:47.221985
177	81	2	5	1	15	2025-01-10 21:02:41.529806
178	81	1	1	2	12	2025-01-10 21:02:41.529811
179	82	2	5	3	10	2025-01-10 21:04:28.300383
180	82	1	1	1	15	2025-01-10 21:04:28.300386
257	121	2	5	1	15	2025-01-14 02:16:46.013219
258	121	1	1	5	8	2025-01-14 02:16:46.013226
174	79	1	1	1	15	2025-01-10 20:58:17.144671
173	79	2	5	3	10	2025-01-10 20:58:17.144669
181	83	2	5	1	15	2025-01-11 17:41:49.283399
182	83	1	1	3	10	2025-01-11 17:41:49.283405
183	84	2	5	1	15	2025-01-11 17:43:58.056581
184	84	1	1	2	12	2025-01-11 17:43:58.056586
185	85	2	5	2	12	2025-01-11 17:50:09.572614
186	85	1	1	1	15	2025-01-11 17:50:09.572618
187	86	2	5	2	12	2025-01-11 17:52:44.203851
188	86	1	1	1	15	2025-01-11 17:52:44.203855
189	87	2	5	1	15	2025-01-11 17:54:45.859245
190	87	1	1	2	12	2025-01-11 17:54:45.85925
191	88	2	5	1	15	2025-01-11 17:56:55.626424
192	88	1	1	4	9	2025-01-11 17:56:55.626429
193	89	2	5	3	10	2025-01-11 22:52:54.157868
194	89	1	1	1	15	2025-01-11 22:52:54.157871
195	90	2	5	1	15	2025-01-11 22:55:25.935149
196	90	1	1	2	12	2025-01-11 22:55:25.935153
197	91	2	5	2	12	2025-01-11 22:57:45.789517
198	91	1	1	1	15	2025-01-11 22:57:45.789519
199	92	2	5	2	12	2025-01-11 22:59:53.748804
200	92	1	1	1	15	2025-01-11 22:59:53.748808
201	93	2	5	1	15	2025-01-11 23:02:06.935364
202	93	1	1	2	12	2025-01-11 23:02:06.935368
203	94	2	5	5	8	2025-01-11 23:04:27.411298
204	94	1	1	1	15	2025-01-11 23:04:27.411302
205	95	2	5	1	15	2025-01-12 03:44:24.858611
206	95	1	1	5	8	2025-01-12 03:44:24.858614
207	96	2	5	1	15	2025-01-12 03:46:16.164655
208	96	1	1	2	12	2025-01-12 03:46:16.164659
209	97	2	5	2	12	2025-01-12 03:48:50.410627
210	97	1	1	4	9	2025-01-12 03:48:50.41063
211	98	2	5	3	10	2025-01-12 03:51:43.483513
212	98	1	1	5	8	2025-01-12 03:51:43.483517
213	99	2	5	1	15	2025-01-12 03:54:18.766705
214	99	1	1	7	6	2025-01-12 03:54:18.766709
215	100	2	5	2	12	2025-01-12 03:56:38.435913
216	100	1	1	1	15	2025-01-12 03:56:38.435918
217	101	2	5	1	15	2025-01-12 20:25:53.397238
218	101	1	1	6	7	2025-01-12 20:25:53.397242
219	102	2	5	1	15	2025-01-12 20:28:10.343132
220	102	1	1	3	10	2025-01-12 20:28:10.343138
221	103	2	5	2	12	2025-01-12 20:29:58.205397
222	103	1	1	1	15	2025-01-12 20:29:58.205402
223	104	2	5	1	15	2025-01-12 20:33:04.827358
224	104	1	1	2	12	2025-01-12 20:33:04.827363
225	105	2	5	2	12	2025-01-12 20:35:22.678981
226	105	1	1	1	15	2025-01-12 20:35:22.678986
227	106	2	5	2	12	2025-01-12 20:37:24.021534
228	106	1	1	1	15	2025-01-12 20:37:24.021539
229	107	2	5	2	12	2025-01-13 02:13:29.134964
230	107	1	1	1	15	2025-01-13 02:13:29.134967
231	108	2	5	2	12	2025-01-13 02:15:02.231048
232	108	1	1	1	15	2025-01-13 02:15:02.231052
233	109	2	5	6	7	2025-01-13 02:17:35.083495
234	109	1	1	1	15	2025-01-13 02:17:35.083498
235	110	2	5	5	8	2025-01-13 02:19:43.3074
236	110	1	1	1	15	2025-01-13 02:19:43.307405
237	111	2	5	2	12	2025-01-13 02:21:46.453784
238	111	1	1	1	15	2025-01-13 02:21:46.453787
239	112	2	5	2	12	2025-01-13 02:23:50.162574
240	112	1	1	1	15	2025-01-13 02:23:50.162582
241	113	2	5	1	15	2025-01-13 17:25:43.099007
242	113	1	1	2	12	2025-01-13 17:25:43.099012
243	114	2	5	1	15	2025-01-13 17:28:29.200167
244	114	1	1	3	10	2025-01-13 17:28:29.200171
245	115	2	5	1	15	2025-01-13 17:30:55.457358
246	115	1	1	2	12	2025-01-13 17:30:55.457393
247	116	2	5	1	15	2025-01-13 17:35:35.541455
248	116	1	1	2	12	2025-01-13 17:35:35.541461
249	117	2	5	3	10	2025-01-13 17:37:51.765566
250	117	1	1	1	15	2025-01-13 17:37:51.765569
251	118	2	5	1	15	2025-01-13 17:40:19.311633
252	118	1	1	3	10	2025-01-13 17:40:19.311639
253	119	2	5	4	9	2025-01-14 02:12:22.389537
254	119	1	1	3	10	2025-01-14 02:12:22.389543
255	120	2	5	2	12	2025-01-14 02:14:29.061861
256	120	1	1	1	15	2025-01-14 02:14:29.061869
259	122	2	5	3	10	2025-01-14 02:19:03.87474
260	122	1	1	1	15	2025-01-14 02:19:03.874746
261	123	2	5	1	15	2025-01-14 02:21:16.134398
262	123	1	1	4	9	2025-01-14 02:21:16.134402
263	124	2	5	1	15	2025-01-14 02:23:23.478679
264	124	1	1	2	12	2025-01-14 02:23:23.478681
265	125	2	5	1	15	2025-01-14 17:40:00.307151
266	125	1	1	4	9	2025-01-14 17:40:00.307155
267	126	2	5	1	15	2025-01-14 17:43:07.25637
268	126	1	1	2	12	2025-01-14 17:43:07.256373
269	127	2	5	1	15	2025-01-14 17:45:51.73936
270	127	1	1	2	12	2025-01-14 17:45:51.739366
271	128	2	5	1	15	2025-01-14 17:48:17.841996
272	128	1	1	2	12	2025-01-14 17:48:17.841998
273	129	2	5	1	15	2025-01-14 17:51:07.25869
274	129	1	1	3	10	2025-01-14 17:51:07.258693
275	130	2	5	1	15	2025-01-14 17:53:26.159015
276	130	1	1	2	12	2025-01-14 17:53:26.15902
277	131	2	5	1	15	2025-01-15 17:20:58.328825
278	131	1	1	3	10	2025-01-15 17:20:58.328831
279	132	2	5	1	15	2025-01-15 17:23:25.786826
280	132	1	1	2	12	2025-01-15 17:23:25.786831
281	133	2	5	1	15	2025-01-15 17:25:28.265993
282	133	1	1	2	12	2025-01-15 17:25:28.265995
283	134	2	5	3	10	2025-01-15 17:28:33.119184
284	134	1	1	2	12	2025-01-15 17:28:33.119188
285	135	2	5	1	15	2025-01-15 17:31:17.205054
286	135	1	1	2	12	2025-01-15 17:31:17.205063
287	136	2	5	1	15	2025-01-15 17:33:44.794045
288	136	1	1	5	8	2025-01-15 17:33:44.794049
289	137	2	5	1	15	2025-01-16 01:51:50.765591
290	137	1	1	2	12	2025-01-16 01:51:50.765595
291	138	2	5	1	15	2025-01-16 01:52:00.179183
292	138	1	1	4	9	2025-01-16 01:52:00.179187
293	139	2	5	6	7	2025-01-16 01:52:12.002121
294	139	1	1	1	15	2025-01-16 01:52:12.002124
295	140	2	5	1	15	2025-01-16 01:52:20.69973
296	140	1	1	2	12	2025-01-16 01:52:20.699734
297	141	2	5	1	15	2025-01-16 01:52:29.124182
298	141	1	1	2	12	2025-01-16 01:52:29.124185
299	142	2	5	5	8	2025-01-16 01:52:39.956851
300	142	1	1	2	12	2025-01-16 01:52:39.956854
301	143	2	5	2	12	2025-01-16 01:53:01.26099
302	143	1	1	1	15	2025-01-16 01:53:01.260994
303	144	2	5	2	12	2025-01-16 01:53:08.837852
304	144	1	1	1	15	2025-01-16 01:53:08.837856
305	145	2	5	1	15	2025-01-16 01:53:20.072158
306	145	1	1	5	8	2025-01-16 01:53:20.072161
307	146	2	5	3	10	2025-01-16 01:53:32.956517
308	146	1	1	1	15	2025-01-16 01:53:32.95652
309	147	2	5	1	15	2025-01-16 01:53:43.0093
310	147	1	1	3	10	2025-01-16 01:53:43.009305
311	148	2	5	1	15	2025-01-16 01:53:48.948368
312	148	1	1	2	12	2025-01-16 01:53:48.948372
313	149	2	5	2	12	2025-01-18 15:28:11.150729
314	149	1	1	6	7	2025-01-18 15:28:11.150732
315	150	2	5	2	12	2025-01-18 15:28:23.115588
316	150	1	1	7	6	2025-01-18 15:28:23.11559
317	151	2	5	3	10	2025-01-18 15:28:48.571921
318	151	1	1	1	15	2025-01-18 15:28:48.571924
319	152	2	5	1	15	2025-01-18 15:28:57.256555
320	152	1	1	4	9	2025-01-18 15:28:57.256558
321	153	2	5	2	12	2025-01-18 15:29:04.616565
322	153	1	1	1	15	2025-01-18 15:29:04.616568
323	154	2	5	1	15	2025-01-18 15:29:14.168249
324	154	1	1	2	12	2025-01-18 15:29:14.168251
325	155	2	5	1	15	2025-01-18 15:29:33.493833
326	155	1	1	3	10	2025-01-18 15:29:33.493837
327	156	2	5	3	10	2025-01-18 15:29:42.047047
328	156	1	1	1	15	2025-01-18 15:29:42.047051
329	157	2	5	2	12	2025-01-18 15:29:51.96576
330	157	1	1	1	15	2025-01-18 15:29:51.965764
331	158	2	5	1	15	2025-01-18 15:30:01.993809
332	158	1	1	4	9	2025-01-18 15:30:01.993812
333	159	2	5	2	12	2025-01-18 15:30:09.931983
334	159	1	1	1	15	2025-01-18 15:30:09.931986
335	160	2	5	1	15	2025-01-18 15:30:26.254215
336	160	1	1	2	12	2025-01-18 15:30:26.254217
337	161	2	5	2	12	2025-01-18 15:30:47.902151
338	161	1	1	1	15	2025-01-18 15:30:47.902154
339	162	2	5	2	12	2025-01-18 15:31:09.188683
340	162	1	1	1	15	2025-01-18 15:31:09.188687
341	163	2	5	1	15	2025-01-18 15:31:17.905408
342	163	1	1	4	9	2025-01-18 15:31:17.90541
343	164	2	5	1	15	2025-01-18 15:31:26.142232
344	164	1	1	2	12	2025-01-18 15:31:26.142236
345	165	2	5	3	10	2025-01-18 15:31:33.766501
346	165	1	1	7	6	2025-01-18 15:31:33.766506
347	166	2	5	1	15	2025-01-18 15:31:41.359774
348	166	1	1	2	12	2025-01-18 15:31:41.359777
349	167	2	5	4	9	2025-01-18 15:35:17.347863
350	167	1	1	2	12	2025-01-18 15:35:17.347866
351	167	5	6	11	2	2025-01-18 15:35:17.347867
352	168	2	5	1	15	2025-01-18 15:35:31.778061
353	168	1	1	2	12	2025-01-18 15:35:31.778065
354	168	5	6	8	5	2025-01-18 15:35:31.778066
355	169	2	5	2	12	2025-01-18 15:55:07.594796
356	169	1	1	1	15	2025-01-18 15:55:07.594799
357	169	5	6	8	5	2025-01-18 15:55:07.594801
358	170	2	5	5	8	2025-01-18 15:55:18.413116
359	170	1	1	1	15	2025-01-18 15:55:18.413118
360	170	5	6	11	2	2025-01-18 15:55:18.41312
361	171	2	5	1	15	2025-01-18 15:55:26.569745
362	171	1	1	2	12	2025-01-18 15:55:26.569748
363	171	5	6	3	10	2025-01-18 15:55:26.569749
364	172	2	5	1	15	2025-01-18 15:55:46.989051
365	172	1	1	2	12	2025-01-18 15:55:46.989053
366	172	5	6	7	6	2025-01-18 15:55:46.989054
367	173	2	5	3	10	2025-01-18 18:45:10.534344
368	173	1	1	1	15	2025-01-18 18:45:10.53435
369	174	2	5	2	12	2025-01-18 18:47:30.353266
370	174	1	1	1	15	2025-01-18 18:47:30.353269
371	175	2	5	2	12	2025-01-18 18:49:38.798582
372	175	1	1	1	15	2025-01-18 18:49:38.798587
373	176	2	5	1	15	2025-01-18 18:52:18.184032
374	176	1	1	2	12	2025-01-18 18:52:18.184036
375	177	2	5	1	15	2025-01-18 18:54:47.722881
376	177	1	1	2	12	2025-01-18 18:54:47.722885
377	178	2	5	5	8	2025-01-18 18:57:35.090636
378	178	1	1	1	15	2025-01-18 18:57:35.090639
379	179	2	5	1	15	2025-01-20 01:41:58.884166
380	179	1	1	4	9	2025-01-20 01:41:58.884171
381	180	2	5	1	15	2025-01-20 01:42:06.865005
382	180	1	1	2	12	2025-01-20 01:42:06.865008
383	181	2	5	1	15	2025-01-20 01:42:17.314225
384	181	1	1	2	12	2025-01-20 01:42:17.314229
385	182	2	5	2	12	2025-01-20 01:42:26.344259
386	182	1	1	1	15	2025-01-20 01:42:26.344263
387	183	2	5	1	15	2025-01-20 01:42:33.986878
388	183	1	1	2	12	2025-01-20 01:42:33.986881
389	184	2	5	1	15	2025-01-20 01:42:41.232812
390	184	1	1	2	12	2025-01-20 01:42:41.232815
391	185	2	5	2	12	2025-01-20 01:48:29.868542
392	185	1	1	1	15	2025-01-20 01:48:29.868547
393	185	4	4	3	10	2025-01-20 01:48:29.868548
394	186	2	5	3	10	2025-01-20 01:50:46.068017
395	186	1	1	1	15	2025-01-20 01:50:46.068022
396	186	4	4	2	12	2025-01-20 01:50:46.068023
397	187	2	5	2	12	2025-01-20 01:53:08.624375
398	187	1	1	1	15	2025-01-20 01:53:08.624378
399	187	4	4	4	9	2025-01-20 01:53:08.624379
400	188	2	5	7	6	2025-01-20 01:55:09.329184
401	188	1	1	2	12	2025-01-20 01:55:09.329187
402	188	4	4	1	15	2025-01-20 01:55:09.329188
403	189	2	5	4	9	2025-01-20 01:57:20.319846
404	189	1	1	2	12	2025-01-20 01:57:20.319851
405	189	4	4	1	15	2025-01-20 01:57:20.319852
406	190	2	5	7	6	2025-01-20 01:59:18.530923
407	190	1	1	1	15	2025-01-20 01:59:18.530927
408	190	4	4	2	12	2025-01-20 01:59:18.530929
409	191	2	5	2	12	2025-01-20 02:39:27.703457
410	191	1	1	4	9	2025-01-20 02:39:27.703461
411	191	4	4	1	15	2025-01-20 02:39:27.703462
412	192	2	5	3	10	2025-01-20 02:42:05.514593
413	192	1	1	1	15	2025-01-20 02:42:05.514595
414	192	4	4	4	9	2025-01-20 02:42:05.514597
415	193	2	5	1	15	2025-01-20 02:44:29.470531
416	193	1	1	2	12	2025-01-20 02:44:29.470535
417	193	4	4	9	4	2025-01-20 02:44:29.470536
418	194	2	5	1	15	2025-01-20 02:46:49.354777
419	194	1	1	2	12	2025-01-20 02:46:49.354781
420	194	4	4	6	7	2025-01-20 02:46:49.354782
421	195	2	5	1	15	2025-01-20 02:49:18.560476
422	195	1	1	3	10	2025-01-20 02:49:18.560479
423	195	4	4	5	8	2025-01-20 02:49:18.56048
424	196	2	5	1	15	2025-01-20 02:51:07.339615
425	196	1	1	4	9	2025-01-20 02:51:07.339618
426	196	4	4	2	12	2025-01-20 02:51:07.339619
427	197	2	5	1	15	2025-01-20 17:51:15.689741
428	197	1	1	3	10	2025-01-20 17:51:15.689746
429	198	2	5	1	15	2025-01-20 17:53:29.177657
430	198	1	1	2	12	2025-01-20 17:53:29.17766
431	199	2	5	1	15	2025-01-20 17:56:02.07617
432	199	1	1	2	12	2025-01-20 17:56:02.076173
433	200	2	5	2	12	2025-01-20 17:58:22.821933
434	200	1	1	1	15	2025-01-20 17:58:22.821937
435	201	2	5	2	12	2025-01-20 18:00:00.760012
436	201	1	1	1	15	2025-01-20 18:00:00.760015
437	202	2	5	2	12	2025-01-20 18:02:23.397102
438	202	1	1	7	6	2025-01-20 18:02:23.397106
439	203	2	5	1	15	2025-01-21 03:45:54.272081
440	203	1	1	2	12	2025-01-21 03:45:54.272086
441	204	2	5	1	15	2025-01-21 03:46:08.390747
442	204	1	1	4	9	2025-01-21 03:46:08.39075
443	205	2	5	1	15	2025-01-21 03:46:22.364287
444	205	1	1	2	12	2025-01-21 03:46:22.364296
445	206	2	5	1	15	2025-01-21 03:46:29.923167
446	206	1	1	2	12	2025-01-21 03:46:29.923171
447	207	2	5	1	15	2025-01-21 03:46:38.695662
448	207	1	1	3	10	2025-01-21 03:46:38.695666
449	208	2	5	2	12	2025-01-21 03:46:48.768306
450	208	1	1	1	15	2025-01-21 03:46:48.768309
451	209	2	5	2	12	2025-01-21 03:48:03.700212
452	209	1	7	1	15	2025-01-21 03:48:03.700221
453	209	6	1	4	9	2025-01-21 03:48:03.700225
454	210	2	5	2	12	2025-01-21 03:48:13.107924
455	210	1	7	4	9	2025-01-21 03:48:13.107928
456	210	6	1	1	15	2025-01-21 03:48:13.10793
457	211	2	5	4	9	2025-01-21 03:48:24.572934
458	211	1	7	1	15	2025-01-21 03:48:24.572939
459	211	6	1	3	10	2025-01-21 03:48:24.57294
460	212	2	5	2	12	2025-01-21 03:48:35.333245
461	212	1	7	1	15	2025-01-21 03:48:35.333249
462	212	6	1	7	6	2025-01-21 03:48:35.33325
463	213	2	5	1	15	2025-01-21 03:48:54.14862
464	213	1	7	6	7	2025-01-21 03:48:54.148623
465	213	6	1	3	10	2025-01-21 03:48:54.148625
466	214	2	5	5	8	2025-01-21 03:49:36.925589
467	214	1	7	4	9	2025-01-21 03:49:36.925594
468	214	6	1	1	15	2025-01-21 03:49:36.925595
469	215	2	5	1	15	2025-01-22 18:18:49.441103
470	215	1	7	4	9	2025-01-22 18:18:49.441117
471	216	2	5	4	9	2025-01-22 18:20:58.54002
472	216	1	7	1	15	2025-01-22 18:20:58.540023
473	217	2	5	2	12	2025-01-22 18:23:37.969846
474	217	1	7	1	15	2025-01-22 18:23:37.96985
475	218	2	5	1	15	2025-01-22 18:26:19.901897
476	218	1	7	2	12	2025-01-22 18:26:19.9019
477	219	2	5	2	12	2025-01-22 18:28:24.944241
478	219	1	7	1	15	2025-01-22 18:28:24.944245
479	220	2	5	1	15	2025-01-22 18:30:47.021258
480	220	1	7	2	12	2025-01-22 18:30:47.021262
481	221	2	5	1	15	2025-01-23 00:44:18.311316
482	221	1	7	4	9	2025-01-23 00:44:18.311321
483	221	6	8	11	2	2025-01-23 00:44:18.311322
484	222	2	5	1	15	2025-01-23 00:46:21.817923
485	222	1	7	4	9	2025-01-23 00:46:21.817927
486	222	6	8	6	7	2025-01-23 00:46:21.817928
487	223	2	5	1	15	2025-01-23 00:48:45.080435
488	223	1	7	4	9	2025-01-23 00:48:45.080438
489	223	6	8	2	12	2025-01-23 00:48:45.080439
490	224	2	5	1	15	2025-01-23 00:50:52.133556
491	224	1	7	2	12	2025-01-23 00:50:52.133558
492	224	6	8	10	3	2025-01-23 00:50:52.133559
493	225	2	5	3	10	2025-01-23 00:53:45.816762
494	225	1	7	8	5	2025-01-23 00:53:45.816765
495	225	6	8	1	15	2025-01-23 00:53:45.816766
496	226	2	5	8	5	2025-01-23 00:56:39.728322
497	226	1	7	1	15	2025-01-23 00:56:39.728325
498	226	6	8	7	6	2025-01-23 00:56:39.728327
499	227	2	5	2	12	2025-01-23 18:44:43.461431
500	227	1	1	1	15	2025-01-23 18:44:43.461437
501	228	2	5	1	15	2025-01-23 18:46:33.740355
502	228	1	1	2	12	2025-01-23 18:46:33.74036
503	229	2	5	1	15	2025-01-23 18:48:58.166312
504	229	1	1	2	12	2025-01-23 18:48:58.166314
505	230	2	5	8	5	2025-01-23 18:51:46.324395
506	230	1	1	1	15	2025-01-23 18:51:46.3244
507	231	2	5	3	10	2025-01-23 18:53:44.196702
508	231	1	1	2	12	2025-01-23 18:53:44.196705
509	232	2	5	2	12	2025-01-23 18:55:40.395793
510	232	1	1	1	15	2025-01-23 18:55:40.395798
511	233	2	5	1	15	2025-02-06 18:45:33.760157
512	233	1	1	2	12	2025-02-06 18:45:33.760161
513	234	2	5	1	15	2025-02-06 18:47:34.964999
514	234	1	1	5	8	2025-02-06 18:47:34.965002
515	235	2	5	2	12	2025-02-06 18:49:41.862962
516	235	1	1	1	15	2025-02-06 18:49:41.862966
517	236	2	5	1	15	2025-02-06 18:52:21.269854
518	236	1	1	2	12	2025-02-06 18:52:21.269859
519	237	2	5	1	15	2025-02-06 18:54:44.139079
520	237	1	1	3	10	2025-02-06 18:54:44.139082
521	238	2	5	1	15	2025-02-06 18:56:52.366583
522	238	1	1	2	12	2025-02-06 18:56:52.366586
523	239	2	5	1	15	2025-02-07 04:10:23.985313
524	239	1	1	2	12	2025-02-07 04:10:23.985316
525	239	6	8	3	10	2025-02-07 04:10:23.985317
526	239	7	9	4	9	2025-02-07 04:10:23.985319
527	240	2	5	3	10	2025-02-07 04:13:26.774312
528	240	1	1	2	12	2025-02-07 04:13:26.774316
529	240	6	8	4	9	2025-02-07 04:13:26.774318
530	240	7	9	7	6	2025-02-07 04:13:26.774319
531	241	2	5	3	10	2025-02-07 04:15:38.722243
532	241	1	1	2	12	2025-02-07 04:15:38.722246
533	241	6	8	9	4	2025-02-07 04:15:38.722247
534	241	7	9	4	9	2025-02-07 04:15:38.722249
535	242	2	5	1	15	2025-02-07 04:18:01.237771
536	242	1	1	3	10	2025-02-07 04:18:01.237776
537	242	6	8	6	7	2025-02-07 04:18:01.237777
538	242	7	9	2	12	2025-02-07 04:18:01.237778
539	243	2	5	3	10	2025-02-07 04:20:28.933706
540	243	1	1	2	12	2025-02-07 04:20:28.933714
541	243	6	8	8	5	2025-02-07 04:20:28.933715
542	243	7	9	5	8	2025-02-07 04:20:28.933717
543	244	2	5	4	9	2025-02-07 04:22:56.06947
544	244	1	1	1	15	2025-02-07 04:22:56.069475
545	244	6	8	2	12	2025-02-07 04:22:56.069476
546	244	7	9	5	8	2025-02-07 04:22:56.069477
547	245	2	5	1	15	2025-02-07 17:45:56.345503
548	245	1	1	2	12	2025-02-07 17:45:56.345508
549	246	2	5	4	9	2025-02-07 17:47:21.743764
550	246	1	1	1	15	2025-02-07 17:47:21.74377
551	247	2	5	1	15	2025-02-07 17:49:51.18812
552	247	1	1	2	12	2025-02-07 17:49:51.188126
553	248	2	5	2	12	2025-02-07 17:52:04.123879
554	248	1	1	1	15	2025-02-07 17:52:04.123883
555	249	2	5	1	15	2025-02-07 17:54:57.10618
556	249	1	1	2	12	2025-02-07 17:54:57.106184
557	250	2	5	8	5	2025-02-07 17:56:52.694936
558	250	1	1	1	15	2025-02-07 17:56:52.694941
559	251	1	1	1	15	2025-02-08 21:44:52.483519
560	251	4	4	3	10	2025-02-08 21:44:52.483524
561	252	1	1	2	12	2025-02-08 21:46:53.405699
562	252	4	4	1	15	2025-02-08 21:46:53.405702
563	253	1	1	1	15	2025-02-08 21:48:54.926962
564	253	4	4	2	12	2025-02-08 21:48:54.926967
565	254	1	1	1	15	2025-02-08 21:51:16.56938
566	254	4	4	9	4	2025-02-08 21:51:16.569386
567	255	1	1	5	8	2025-02-08 21:53:53.668418
568	255	4	4	2	12	2025-02-08 21:53:53.668423
569	256	1	1	3	10	2025-02-08 21:56:39.254485
570	256	4	4	1	15	2025-02-08 21:56:39.25449
571	257	1	1	1	15	2025-02-18 17:43:14.412475
572	257	2	5	2	12	2025-02-18 17:43:14.412479
573	258	1	1	3	10	2025-02-18 17:45:01.369197
574	258	2	5	2	12	2025-02-18 17:45:01.369202
575	259	1	1	1	15	2025-02-18 17:47:25.89349
576	259	2	5	3	10	2025-02-18 17:47:25.893493
577	260	1	1	2	12	2025-02-18 17:49:26.440166
578	260	2	5	1	15	2025-02-18 17:49:26.440168
579	261	1	1	4	9	2025-02-18 17:51:51.780292
580	261	2	5	1	15	2025-02-18 17:51:51.780296
581	262	1	1	4	9	2025-02-18 17:54:20.159415
582	262	2	5	1	15	2025-02-18 17:54:20.159418
583	263	2	5	1	15	2025-02-21 17:28:14.578988
584	263	1	1	2	12	2025-02-21 17:28:14.578991
585	264	2	5	1	15	2025-02-21 17:28:21.693383
586	264	1	1	3	10	2025-02-21 17:28:21.693385
587	265	2	5	1	15	2025-02-21 17:28:32.490319
588	265	1	1	2	12	2025-02-21 17:28:32.490321
589	266	2	5	3	10	2025-02-21 17:28:40.915276
590	266	1	1	1	15	2025-02-21 17:28:40.91528
591	267	2	5	1	15	2025-02-21 17:28:49.075809
592	267	1	1	3	10	2025-02-21 17:28:49.075814
593	268	2	5	1	15	2025-02-21 17:28:57.152455
594	268	1	1	2	12	2025-02-21 17:28:57.152458
595	269	2	5	4	9	2025-02-21 17:32:35.263442
596	269	1	1	1	15	2025-02-21 17:32:35.263446
597	270	2	5	1	15	2025-02-21 17:35:02.251221
598	270	1	1	3	10	2025-02-21 17:35:02.251225
599	271	2	5	1	15	2025-02-21 17:37:09.115332
600	271	1	1	2	12	2025-02-21 17:37:09.115338
601	272	2	5	5	8	2025-02-21 17:40:10.243501
602	272	1	1	1	15	2025-02-21 17:40:10.243506
603	273	2	5	1	15	2025-02-21 17:42:51.300593
604	273	1	1	4	9	2025-02-21 17:42:51.300602
605	274	2	5	1	15	2025-02-21 17:44:51.934234
606	274	1	1	3	10	2025-02-21 17:44:51.934237
607	275	2	5	1	15	2025-02-21 23:23:25.949955
608	275	1	1	6	7	2025-02-21 23:23:25.949959
609	276	2	5	2	12	2025-02-21 23:25:45.817298
610	276	1	1	1	15	2025-02-21 23:25:45.817302
611	277	2	5	1	15	2025-02-21 23:27:44.969075
612	277	1	1	2	12	2025-02-21 23:27:44.969078
613	278	2	5	2	12	2025-02-21 23:29:50.251578
614	278	1	1	1	15	2025-02-21 23:29:50.251582
615	279	2	5	1	15	2025-02-21 23:32:21.605919
616	279	1	1	5	8	2025-02-21 23:32:21.605921
617	280	2	5	2	12	2025-02-21 23:35:24.59054
618	280	1	1	1	15	2025-02-21 23:35:24.590545
619	281	2	5	2	12	2025-02-25 17:48:27.704721
620	281	1	1	1	15	2025-02-25 17:48:27.704724
621	282	2	5	1	15	2025-02-25 17:51:07.209622
622	282	1	1	3	10	2025-02-25 17:51:07.209627
623	283	2	5	2	12	2025-02-25 17:53:16.601987
624	283	1	1	1	15	2025-02-25 17:53:16.60199
625	284	2	5	5	8	2025-02-25 17:55:25.09856
626	284	1	1	1	15	2025-02-25 17:55:25.098564
627	285	2	5	1	15	2025-02-25 17:57:45.304582
628	285	1	1	3	10	2025-02-25 17:57:45.304588
629	286	2	5	1	15	2025-02-25 17:59:53.487608
630	286	1	1	2	12	2025-02-25 17:59:53.487613
631	287	2	5	1	15	2025-02-26 02:37:18.911878
632	287	1	1	2	12	2025-02-26 02:37:18.911883
633	288	2	5	1	15	2025-02-26 02:38:58.950448
634	288	1	1	4	9	2025-02-26 02:38:58.950452
635	289	2	5	2	12	2025-02-26 02:41:19.732691
636	289	1	1	1	15	2025-02-26 02:41:19.732695
637	290	2	5	7	6	2025-02-26 02:43:55.644045
638	290	1	1	1	15	2025-02-26 02:43:55.644048
639	291	2	5	1	15	2025-02-26 02:46:19.169121
640	291	1	1	2	12	2025-02-26 02:46:19.169125
641	292	2	5	5	8	2025-02-26 02:49:08.214064
642	292	1	1	1	15	2025-02-26 02:49:08.214069
643	293	2	5	6	7	2025-02-26 20:25:14.853772
644	293	1	1	1	15	2025-02-26 20:25:14.853777
645	294	2	5	2	12	2025-02-26 20:27:26.022786
646	294	1	1	1	15	2025-02-26 20:27:26.02279
647	295	2	5	1	15	2025-02-26 20:29:31.393993
648	295	1	1	2	12	2025-02-26 20:29:31.393996
649	296	2	5	3	10	2025-02-26 20:31:53.04803
650	296	1	1	1	15	2025-02-26 20:31:53.048035
651	297	2	5	1	15	2025-02-26 20:34:07.480413
652	297	1	1	3	10	2025-02-26 20:34:07.480418
653	298	2	5	1	15	2025-02-26 20:36:32.408753
654	298	1	1	4	9	2025-02-26 20:36:32.408757
\.


--
-- Data for Name: races; Type: TABLE DATA; Schema: public; Owner: postgres
--

COPY public.races (race_id, prix_id, track_id, race_number, created_at) FROM stdin;
1	2	199	1	2025-01-02 02:39:15.308438
2	2	198	2	2025-01-02 02:41:45.238155
3	2	209	3	2025-01-02 02:43:56.276541
6	2	175	6	2025-01-02 02:51:29.399289
4	2	181	4	2025-01-02 02:46:19.156374
5	2	124	5	2025-01-02 02:48:38.733214
7	3	139	1	2025-01-02 16:17:23.967257
8	3	197	2	2025-01-02 16:19:45.904272
9	3	195	3	2025-01-02 16:22:01.502695
10	3	153	4	2025-01-02 16:24:26.585291
12	3	200	6	2025-01-02 16:28:47.83207
11	3	171	5	2025-01-02 16:26:30.304114
13	4	201	1	2025-01-03 21:08:00.506348
14	4	170	2	2025-01-03 21:10:48.7909
15	4	116	3	2025-01-03 21:13:16.103374
17	4	141	5	2025-01-03 21:18:40.161136
18	4	123	6	2025-01-03 21:22:06.826761
16	4	160	4	2025-01-03 21:15:57.802913
19	5	173	1	2025-01-04 04:33:34.70174
20	5	199	2	2025-01-04 04:36:03.286133
21	5	132	3	2025-01-04 04:38:14.025994
22	5	189	4	2025-01-04 04:41:00.029445
23	6	165	1	2025-01-04 18:10:37.827972
24	6	170	2	2025-01-04 18:13:15.659463
25	6	160	3	2025-01-04 18:15:54.96945
26	6	168	4	2025-01-04 18:19:24.734717
27	6	116	5	2025-01-04 18:21:38.641132
28	6	178	6	2025-01-04 18:23:53.340963
29	7	163	1	2025-01-05 03:44:01.510939
30	7	160	2	2025-01-05 03:46:21.605472
31	7	172	3	2025-01-05 03:48:23.615199
32	7	135	4	2025-01-05 03:50:51.623711
33	7	123	5	2025-01-05 03:53:17.405017
34	7	177	6	2025-01-05 03:55:30.711372
35	8	199	1	2025-01-05 19:37:05.554346
36	8	129	2	2025-01-05 19:39:39.541676
37	8	165	3	2025-01-05 19:41:54.990753
38	8	161	4	2025-01-05 19:44:02.732229
39	8	119	5	2025-01-05 19:46:15.05458
40	8	160	6	2025-01-05 19:48:56.317699
41	9	185	1	2025-01-06 17:33:09.210463
42	9	130	2	2025-01-06 17:38:21.476011
43	9	180	3	2025-01-06 17:40:11.614081
44	9	137	4	2025-01-06 17:43:16.443513
45	9	136	5	2025-01-06 17:45:14.175279
46	9	173	6	2025-01-06 17:47:27.11066
47	10	185	1	2025-01-07 02:02:35.497567
48	10	167	2	2025-01-07 02:04:34.342407
49	10	122	3	2025-01-07 02:07:07.057054
50	10	189	4	2025-01-07 02:09:54.497417
51	10	118	5	2025-01-07 02:12:16.532718
52	10	155	6	2025-01-07 02:14:52.346385
53	11	150	1	2025-01-07 23:00:25.432143
54	11	135	2	2025-01-07 23:02:48.684202
55	11	153	3	2025-01-07 23:04:56.661363
56	11	207	4	2025-01-07 23:07:25.843219
57	11	156	5	2025-01-07 23:09:49.011983
58	11	132	6	2025-01-07 23:12:09.60623
59	12	206	1	2025-01-09 22:17:38.884744
60	12	174	2	2025-01-09 22:20:28.336485
61	12	161	3	2025-01-09 22:22:30.93141
62	12	185	4	2025-01-09 22:24:43.481787
63	12	158	5	2025-01-09 22:26:39.95161
64	12	203	6	2025-01-09 22:28:59.455905
65	13	154	1	2025-01-10 02:20:31.741613
66	13	167	2	2025-01-10 02:22:17.949627
67	13	146	3	2025-01-10 02:24:06.763275
68	13	165	4	2025-01-10 02:26:28.455017
69	13	195	5	2025-01-10 02:28:39.885597
70	13	116	6	2025-01-10 02:31:13.075796
71	14	169	1	2025-01-10 17:33:21.099435
72	14	202	2	2025-01-10 17:35:29.474871
73	14	144	3	2025-01-10 17:38:09.841192
74	14	199	4	2025-01-10 17:40:26.0507
75	14	150	5	2025-01-10 17:42:52.562736
76	14	135	6	2025-01-10 17:45:14.965998
77	15	131	1	2025-01-10 20:53:32.846844
78	15	129	2	2025-01-10 20:56:04.797304
79	15	165	3	2025-01-10 20:58:17.141303
80	15	159	4	2025-01-10 21:00:47.218693
82	15	171	6	2025-01-10 21:04:28.296642
81	15	136	5	2025-01-10 21:02:41.525848
83	16	210	1	2025-01-11 17:41:49.274538
84	16	153	2	2025-01-11 17:43:58.043808
85	16	194	3	2025-01-11 17:50:09.56854
86	16	135	4	2025-01-11 17:52:44.19793
87	16	156	5	2025-01-11 17:54:45.854805
88	16	186	6	2025-01-11 17:56:55.619735
89	17	141	1	2025-01-11 22:52:54.154325
90	17	145	2	2025-01-11 22:55:25.930788
91	17	121	3	2025-01-11 22:57:45.78675
92	17	133	4	2025-01-11 22:59:53.74576
93	17	209	5	2025-01-11 23:02:06.932185
94	17	163	6	2025-01-11 23:04:27.407343
95	18	210	1	2025-01-12 03:44:24.855118
96	18	132	2	2025-01-12 03:46:16.161381
97	18	207	3	2025-01-12 03:48:50.407637
98	18	189	4	2025-01-12 03:51:43.47927
99	18	144	5	2025-01-12 03:54:18.762566
100	18	135	6	2025-01-12 03:56:38.429588
101	19	164	1	2025-01-12 20:25:53.393525
102	19	133	2	2025-01-12 20:28:10.326268
103	19	167	3	2025-01-12 20:29:58.170974
104	19	136	4	2025-01-12 20:33:04.823402
105	19	160	5	2025-01-12 20:35:22.673924
106	19	132	6	2025-01-12 20:37:24.012711
107	20	193	1	2025-01-13 02:13:29.132195
108	20	171	2	2025-01-13 02:15:02.226082
109	20	202	3	2025-01-13 02:17:35.080639
110	20	143	4	2025-01-13 02:19:43.301176
111	20	157	5	2025-01-13 02:21:46.450977
112	20	197	6	2025-01-13 02:23:50.159334
113	21	193	1	2025-01-13 17:25:43.095736
114	21	208	2	2025-01-13 17:28:29.196934
115	21	149	3	2025-01-13 17:30:55.451756
116	21	210	4	2025-01-13 17:35:35.532776
117	21	156	5	2025-01-13 17:37:51.762461
118	21	194	6	2025-01-13 17:40:19.307452
119	22	135	1	2025-01-14 02:12:22.379547
120	22	188	2	2025-01-14 02:14:29.058217
122	22	148	4	2025-01-14 02:19:03.870379
123	22	140	5	2025-01-14 02:21:16.13134
124	22	119	6	2025-01-14 02:23:23.476073
121	22	125	3	2025-01-14 02:16:45.98912
125	23	195	1	2025-01-14 17:40:00.302918
126	23	174	2	2025-01-14 17:43:07.253019
127	23	191	3	2025-01-14 17:45:51.711647
128	23	149	4	2025-01-14 17:48:17.838427
129	23	141	5	2025-01-14 17:51:07.255368
130	23	124	6	2025-01-14 17:53:26.156213
131	24	192	1	2025-01-15 17:20:58.287707
132	24	170	2	2025-01-15 17:23:25.765433
133	24	136	3	2025-01-15 17:25:28.261848
134	24	145	4	2025-01-15 17:28:33.116477
135	24	189	5	2025-01-15 17:31:17.196265
136	24	150	6	2025-01-15 17:33:44.789488
137	25	177	1	2025-01-16 01:51:50.76256
138	25	116	2	2025-01-16 01:52:00.176293
139	25	170	3	2025-01-16 01:52:11.997261
140	25	120	4	2025-01-16 01:52:20.695664
141	25	156	5	2025-01-16 01:52:29.121048
142	25	207	6	2025-01-16 01:52:39.95335
143	26	115	1	2025-01-16 01:53:01.258041
144	26	146	2	2025-01-16 01:53:08.833957
145	26	205	3	2025-01-16 01:53:20.068729
146	26	145	4	2025-01-16 01:53:32.95183
147	26	120	5	2025-01-16 01:53:42.998013
148	26	198	6	2025-01-16 01:53:48.944622
149	27	163	1	2025-01-18 15:28:11.145905
150	27	200	2	2025-01-18 15:28:23.112268
151	27	152	3	2025-01-18 15:28:48.569139
152	27	176	4	2025-01-18 15:28:57.253343
153	27	151	5	2025-01-18 15:29:04.611963
154	27	199	6	2025-01-18 15:29:14.164515
155	28	116	1	2025-01-18 15:29:33.490416
156	28	140	2	2025-01-18 15:29:42.042351
157	28	157	3	2025-01-18 15:29:51.957234
158	28	131	4	2025-01-18 15:30:01.991035
159	28	206	5	2025-01-18 15:30:09.928541
160	28	164	6	2025-01-18 15:30:26.250682
161	29	180	1	2025-01-18 15:30:47.897896
162	29	210	2	2025-01-18 15:31:09.184742
163	29	199	3	2025-01-18 15:31:17.903366
164	29	208	4	2025-01-18 15:31:26.138285
165	29	166	5	2025-01-18 15:31:33.761667
166	29	176	6	2025-01-18 15:31:41.355823
167	30	163	1	2025-01-18 15:35:17.344864
168	30	161	2	2025-01-18 15:35:31.774139
169	30	143	3	2025-01-18 15:55:07.583395
170	30	155	4	2025-01-18 15:55:18.410174
171	30	180	5	2025-01-18 15:55:26.565
172	30	128	6	2025-01-18 15:55:46.98649
173	31	172	1	2025-01-18 18:45:10.519643
174	31	137	2	2025-01-18 18:47:30.350177
175	31	152	3	2025-01-18 18:49:38.788385
176	31	129	4	2025-01-18 18:52:18.179998
177	31	142	5	2025-01-18 18:54:47.719254
178	31	165	6	2025-01-18 18:57:35.087707
179	32	146	1	2025-01-20 01:41:58.873128
180	32	178	2	2025-01-20 01:42:06.861705
181	32	193	3	2025-01-20 01:42:17.310807
182	32	153	4	2025-01-20 01:42:26.339637
183	32	129	5	2025-01-20 01:42:33.983949
184	32	187	6	2025-01-20 01:42:41.22989
185	33	203	1	2025-01-20 01:48:29.86439
186	33	134	2	2025-01-20 01:50:46.06512
187	33	120	3	2025-01-20 01:53:08.620676
188	33	173	4	2025-01-20 01:55:09.325765
189	33	148	5	2025-01-20 01:57:20.315731
190	33	167	6	2025-01-20 01:59:18.526766
191	34	168	1	2025-01-20 02:39:27.699795
193	34	151	3	2025-01-20 02:44:29.465847
195	34	194	5	2025-01-20 02:49:18.557187
196	34	146	6	2025-01-20 02:51:07.335274
192	34	147	2	2025-01-20 02:42:05.511133
194	34	175	4	2025-01-20 02:46:49.351578
197	35	197	1	2025-01-20 17:51:15.683843
198	35	117	2	2025-01-20 17:53:29.174388
199	35	123	3	2025-01-20 17:56:02.073162
200	35	137	4	2025-01-20 17:58:22.81842
201	35	131	5	2025-01-20 18:00:00.756349
202	35	180	6	2025-01-20 18:02:23.393585
203	36	193	1	2025-01-21 03:45:54.268491
204	36	128	2	2025-01-21 03:46:08.387133
205	36	192	3	2025-01-21 03:46:22.360875
206	36	144	4	2025-01-21 03:46:29.919857
207	36	194	5	2025-01-21 03:46:38.692559
208	36	181	6	2025-01-21 03:46:48.765375
209	37	154	1	2025-01-21 03:48:03.688661
210	37	126	2	2025-01-21 03:48:13.102891
211	37	206	3	2025-01-21 03:48:24.568052
212	37	166	4	2025-01-21 03:48:35.329008
213	37	189	5	2025-01-21 03:48:54.144853
214	37	168	6	2025-01-21 03:49:36.922069
215	38	167	1	2025-01-22 18:18:49.433752
216	38	161	2	2025-01-22 18:20:58.536184
217	38	206	3	2025-01-22 18:23:37.966947
218	38	150	4	2025-01-22 18:26:19.899035
219	38	188	5	2025-01-22 18:28:24.940259
220	38	198	6	2025-01-22 18:30:47.017279
221	39	182	1	2025-01-23 00:44:18.305336
222	39	167	2	2025-01-23 00:46:21.814805
223	39	139	3	2025-01-23 00:48:45.076779
224	39	152	4	2025-01-23 00:50:52.129735
225	39	198	5	2025-01-23 00:53:45.812769
226	39	202	6	2025-01-23 00:56:39.724765
227	40	167	1	2025-01-23 18:44:43.423693
228	40	196	2	2025-01-23 18:46:33.735292
229	40	135	3	2025-01-23 18:48:58.163044
230	40	190	4	2025-01-23 18:51:46.321179
231	40	171	5	2025-01-23 18:53:44.19409
232	40	185	6	2025-01-23 18:55:40.392072
233	41	117	1	2025-02-06 18:45:33.755978
234	41	176	2	2025-02-06 18:47:34.962226
235	41	157	3	2025-02-06 18:49:41.858189
236	41	208	4	2025-02-06 18:52:21.256563
237	41	129	5	2025-02-06 18:54:44.135429
238	41	187	6	2025-02-06 18:56:52.362579
239	42	180	1	2025-02-07 04:10:23.98093
240	42	182	2	2025-02-07 04:13:26.768062
241	42	185	3	2025-02-07 04:15:38.718791
242	42	140	4	2025-02-07 04:18:01.231049
243	42	191	5	2025-02-07 04:20:28.927152
244	42	126	6	2025-02-07 04:22:56.061177
245	43	180	1	2025-02-07 17:45:56.322554
246	43	146	2	2025-02-07 17:47:21.718318
247	43	170	3	2025-02-07 17:49:51.183505
248	43	194	4	2025-02-07 17:52:04.114045
249	43	204	5	2025-02-07 17:54:57.101638
250	43	136	6	2025-02-07 17:56:52.690214
251	44	160	1	2025-02-08 21:44:52.445916
252	44	186	2	2025-02-08 21:46:53.402549
253	44	192	3	2025-02-08 21:48:54.922611
254	44	119	4	2025-02-08 21:51:16.564842
255	44	130	5	2025-02-08 21:53:53.653964
256	44	189	6	2025-02-08 21:56:39.241522
257	45	144	1	2025-02-18 17:43:14.408536
258	45	164	2	2025-02-18 17:45:01.365202
259	45	139	3	2025-02-18 17:47:25.890734
260	45	173	4	2025-02-18 17:49:26.437069
261	45	128	5	2025-02-18 17:51:51.777042
262	45	155	6	2025-02-18 17:54:20.155996
263	46	115	1	2025-02-21 17:28:14.574736
264	46	159	2	2025-02-21 17:28:21.690496
265	46	201	3	2025-02-21 17:28:32.487719
266	46	182	4	2025-02-21 17:28:40.911128
267	46	175	5	2025-02-21 17:28:49.06774
268	46	158	6	2025-02-21 17:28:57.149741
269	47	130	1	2025-02-21 17:32:35.259442
270	47	142	2	2025-02-21 17:35:02.247404
271	47	205	3	2025-02-21 17:37:09.107396
272	47	182	4	2025-02-21 17:40:10.239513
273	47	129	5	2025-02-21 17:42:51.295856
274	47	186	6	2025-02-21 17:44:51.930732
275	48	117	1	2025-02-21 23:23:25.946978
276	48	161	2	2025-02-21 23:25:45.813758
277	48	136	3	2025-02-21 23:27:44.966522
278	48	116	4	2025-02-21 23:29:50.248515
279	48	155	5	2025-02-21 23:32:21.603542
280	48	210	6	2025-02-21 23:35:24.584711
281	49	149	1	2025-02-25 17:48:27.699496
282	49	184	2	2025-02-25 17:51:07.202109
283	49	203	3	2025-02-25 17:53:16.598358
284	49	186	4	2025-02-25 17:55:25.095337
285	49	163	5	2025-02-25 17:57:45.296511
286	49	200	6	2025-02-25 17:59:53.480026
287	50	168	1	2025-02-26 02:37:18.907517
288	50	159	2	2025-02-26 02:38:58.947672
289	50	151	3	2025-02-26 02:41:19.725187
290	50	179	4	2025-02-26 02:43:55.641352
291	50	142	5	2025-02-26 02:46:19.164835
292	50	182	6	2025-02-26 02:49:08.201016
293	51	122	1	2025-02-26 20:25:14.843422
294	51	150	2	2025-02-26 20:27:26.019514
295	51	176	3	2025-02-26 20:29:31.389086
296	51	202	4	2025-02-26 20:31:52.985637
297	51	205	5	2025-02-26 20:34:07.474899
298	51	118	6	2025-02-26 20:36:32.404929
\.


--
-- Data for Name: tracks; Type: TABLE DATA; Schema: public; Owner: postgres
--

COPY public.tracks (track_id, track_name, cup_name, created_at) FROM stdin;
115	Mario Kart Stadium	Mushroom Cup	2025-01-02 02:32:16.711783
116	Water Park	Mushroom Cup	2025-01-02 02:32:16.711788
117	Sweet Sweet Canyon	Mushroom Cup	2025-01-02 02:32:16.711789
118	Thwomp Ruins	Mushroom Cup	2025-01-02 02:32:16.71179
119	Mario Circuit	Flower Cup	2025-01-02 02:32:16.711791
120	Toad Harbor	Flower Cup	2025-01-02 02:32:16.711791
121	Twisted Mansion	Flower Cup	2025-01-02 02:32:16.711792
122	Shy Guy Falls	Flower Cup	2025-01-02 02:32:16.711793
123	Sunshine Airport	Star Cup	2025-01-02 02:32:16.711794
124	Dolphin Shoals	Star Cup	2025-01-02 02:32:16.711794
125	Electrodrome	Star Cup	2025-01-02 02:32:16.711795
126	Mount Wario	Star Cup	2025-01-02 02:32:16.711796
127	Cloudtop Cruise	Special Cup	2025-01-02 02:32:16.711796
128	Bone-Dry Dunes	Special Cup	2025-01-02 02:32:16.711797
129	Bowser's Castle	Special Cup	2025-01-02 02:32:16.711798
130	Rainbow Road	Special Cup	2025-01-02 02:32:16.711799
131	Moo Moo Meadows	Shell Cup	2025-01-02 02:32:16.711799
132	Mario Circuit (GBA)	Shell Cup	2025-01-02 02:32:16.7118
133	Cheep Cheep Beach	Shell Cup	2025-01-02 02:32:16.711801
134	Toad's Turnpike	Shell Cup	2025-01-02 02:32:16.711802
135	Dry Dry Desert	Banana Cup	2025-01-02 02:32:16.711802
136	Donut Plains 3	Banana Cup	2025-01-02 02:32:16.711803
137	Royal Raceway	Banana Cup	2025-01-02 02:32:16.711804
138	DK Jungle	Banana Cup	2025-01-02 02:32:16.711804
139	Wario Stadium	Leaf Cup	2025-01-02 02:32:16.711805
140	Sherbet Land	Leaf Cup	2025-01-02 02:32:16.711806
141	Music Park	Leaf Cup	2025-01-02 02:32:16.711806
142	Yoshi Valley	Leaf Cup	2025-01-02 02:32:16.711807
143	Tick-Tock Clock	Lightning Cup	2025-01-02 02:32:16.711808
144	Piranha Plant Slide	Lightning Cup	2025-01-02 02:32:16.711808
145	Grumble Volcano	Lightning Cup	2025-01-02 02:32:16.711809
146	Rainbow Road (N64)	Lightning Cup	2025-01-02 02:32:16.71181
147	Yoshi's Circuit	Egg Cup	2025-01-02 02:32:16.711811
148	Excitebike Arena	Egg Cup	2025-01-02 02:32:16.711811
149	Dragon Driftway	Egg Cup	2025-01-02 02:32:16.711812
150	Mute City	Egg Cup	2025-01-02 02:32:16.711813
151	Wario's Gold Mine	Triforce Cup	2025-01-02 02:32:16.711813
152	Rainbow Road (SNES)	Triforce Cup	2025-01-02 02:32:16.711814
153	Ice Ice Outpost	Triforce Cup	2025-01-02 02:32:16.711815
154	Hyrule Circuit	Triforce Cup	2025-01-02 02:32:16.711815
155	Neo Bowser City	Bell Cup	2025-01-02 02:32:16.711816
156	Ribbon Road	Bell Cup	2025-01-02 02:32:16.711817
157	Super Bell Subway	Bell Cup	2025-01-02 02:32:16.711817
158	Big Blue	Bell Cup	2025-01-02 02:32:16.711818
159	Baby Park	Crossing Cup	2025-01-02 02:32:16.711819
160	Cheese Land	Crossing Cup	2025-01-02 02:32:16.71182
161	Wild Woods	Crossing Cup	2025-01-02 02:32:16.71182
162	Animal Crossing	Crossing Cup	2025-01-02 02:32:16.711821
163	Paris Promenade	Golden Dash Cup	2025-01-02 02:32:16.711822
164	Toad Circuit	Golden Dash Cup	2025-01-02 02:32:16.711822
165	Choco Mountain	Golden Dash Cup	2025-01-02 02:32:16.711823
166	Coconut Mall	Golden Dash Cup	2025-01-02 02:32:16.711824
167	Tokyo Blur	Lucky Cat Cup	2025-01-02 02:32:16.711825
168	Shroom Ridge	Lucky Cat Cup	2025-01-02 02:32:16.711825
169	Sky Garden	Lucky Cat Cup	2025-01-02 02:32:16.711826
170	Ninja Hideaway	Lucky Cat Cup	2025-01-02 02:32:16.711827
171	New York Minute	Turnip Cup	2025-01-02 02:32:16.711827
172	Mario Circuit 3	Turnip Cup	2025-01-02 02:32:16.711828
173	Kalimari Desert	Turnip Cup	2025-01-02 02:32:16.711829
174	Waluigi Pinball	Turnip Cup	2025-01-02 02:32:16.711829
175	Sydney Sprint	Propeller Cup	2025-01-02 02:32:16.71183
176	Snow Land	Propeller Cup	2025-01-02 02:32:16.711831
177	Mushroom Gorge	Propeller Cup	2025-01-02 02:32:16.711832
178	Sky-High Sundae	Propeller Cup	2025-01-02 02:32:16.711832
179	London Loop	Rock Cup	2025-01-02 02:32:16.711833
180	Boo Lake	Rock Cup	2025-01-02 02:32:16.711834
181	Rock Rock Mountain	Rock Cup	2025-01-02 02:32:16.711834
182	Maple Treeway	Rock Cup	2025-01-02 02:32:16.711835
183	Berlin Byways	Moon Cup	2025-01-02 02:32:16.711836
184	Peach Gardens	Moon Cup	2025-01-02 02:32:16.711836
185	Merry Mountain	Moon Cup	2025-01-02 02:32:16.711837
186	Rainbow Road (3DS)	Moon Cup	2025-01-02 02:32:16.711838
187	Amsterdam Drift	Fruit Cup	2025-01-02 02:32:16.711838
188	Riverside Park	Fruit Cup	2025-01-02 02:32:16.711839
189	DK Summit	Fruit Cup	2025-01-02 02:32:16.71184
190	Yoshi's Island	Fruit Cup	2025-01-02 02:32:16.71184
191	Bangkok Rush	Boomerang Cup	2025-01-02 02:32:16.711841
192	Mario Circuit (DS)	Boomerang Cup	2025-01-02 02:32:16.711842
193	Waluigi Stadium	Boomerang Cup	2025-01-02 02:32:16.711843
194	Singapore Speedway	Boomerang Cup	2025-01-02 02:32:16.711843
195	Athens Dash	Feather Cup	2025-01-02 02:32:16.711844
196	Daisy Cruiser	Feather Cup	2025-01-02 02:32:16.711845
197	Moonview Highway	Feather Cup	2025-01-02 02:32:16.711845
198	Squeaky Clean Sprint	Feather Cup	2025-01-02 02:32:16.711846
199	Los Angeles Laps	Cherry Cup	2025-01-02 02:32:16.711847
200	Sunset Wilds	Cherry Cup	2025-01-02 02:32:16.711847
201	Koopa Cape	Cherry Cup	2025-01-02 02:32:16.711848
202	Vancouver Velocity	Cherry Cup	2025-01-02 02:32:16.711849
203	Rome Avanti	Acorn Cup	2025-01-02 02:32:16.711849
204	DK Mountain	Acorn Cup	2025-01-02 02:32:16.71185
205	Daisy Circuit	Acorn Cup	2025-01-02 02:32:16.711851
206	Piranha Plant Cove	Acorn Cup	2025-01-02 02:32:16.711851
207	Madrid Drive	Spiny Cup	2025-01-02 02:32:16.711852
208	Rosalina's Ice World	Spiny Cup	2025-01-02 02:32:16.711853
209	Bowser Castle 3	Spiny Cup	2025-01-02 02:32:16.711854
210	Rainbow Road (Wii)	Spiny Cup	2025-01-02 02:32:16.711854
\.


--
-- Name: kart_combos_combo_id_seq; Type: SEQUENCE SET; Schema: public; Owner: postgres
--

SELECT pg_catalog.setval('public.kart_combos_combo_id_seq', 9, true);


--
-- Name: players_player_id_seq; Type: SEQUENCE SET; Schema: public; Owner: postgres
--

SELECT pg_catalog.setval('public.players_player_id_seq', 7, true);


--
-- Name: prixs_prix_id_seq; Type: SEQUENCE SET; Schema: public; Owner: postgres
--

SELECT pg_catalog.setval('public.prixs_prix_id_seq', 51, true);


--
-- Name: race_results_result_id_seq; Type: SEQUENCE SET; Schema: public; Owner: postgres
--

SELECT pg_catalog.setval('public.race_results_result_id_seq', 654, true);


--
-- Name: races_race_id_seq; Type: SEQUENCE SET; Schema: public; Owner: postgres
--

SELECT pg_catalog.setval('public.races_race_id_seq', 298, true);


--
-- Name: tracks_track_id_seq; Type: SEQUENCE SET; Schema: public; Owner: postgres
--

SELECT pg_catalog.setval('public.tracks_track_id_seq', 210, true);


--
-- Name: alembic_version alembic_version_pkc; Type: CONSTRAINT; Schema: public; Owner: postgres
--

ALTER TABLE ONLY public.alembic_version
    ADD CONSTRAINT alembic_version_pkc PRIMARY KEY (version_num);


--
-- Name: kart_combos kart_combos_pkey; Type: CONSTRAINT; Schema: public; Owner: postgres
--

ALTER TABLE ONLY public.kart_combos
    ADD CONSTRAINT kart_combos_pkey PRIMARY KEY (combo_id);


--
-- Name: players players_pkey; Type: CONSTRAINT; Schema: public; Owner: postgres
--

ALTER TABLE ONLY public.players
    ADD CONSTRAINT players_pkey PRIMARY KEY (player_id);


--
-- Name: players players_player_nickname_key; Type: CONSTRAINT; Schema: public; Owner: postgres
--

ALTER TABLE ONLY public.players
    ADD CONSTRAINT players_player_nickname_key UNIQUE (player_nickname);


--
-- Name: prixs prixs_pkey; Type: CONSTRAINT; Schema: public; Owner: postgres
--

ALTER TABLE ONLY public.prixs
    ADD CONSTRAINT prixs_pkey PRIMARY KEY (prix_id);


--
-- Name: race_results race_results_pkey; Type: CONSTRAINT; Schema: public; Owner: postgres
--

ALTER TABLE ONLY public.race_results
    ADD CONSTRAINT race_results_pkey PRIMARY KEY (result_id);


--
-- Name: races races_pkey; Type: CONSTRAINT; Schema: public; Owner: postgres
--

ALTER TABLE ONLY public.races
    ADD CONSTRAINT races_pkey PRIMARY KEY (race_id);


--
-- Name: tracks tracks_pkey; Type: CONSTRAINT; Schema: public; Owner: postgres
--

ALTER TABLE ONLY public.tracks
    ADD CONSTRAINT tracks_pkey PRIMARY KEY (track_id);


--
-- Name: tracks tracks_track_name_key; Type: CONSTRAINT; Schema: public; Owner: postgres
--

ALTER TABLE ONLY public.tracks
    ADD CONSTRAINT tracks_track_name_key UNIQUE (track_name);


--
-- Name: race_results race_results_combo_id_fkey; Type: FK CONSTRAINT; Schema: public; Owner: postgres
--

ALTER TABLE ONLY public.race_results
    ADD CONSTRAINT race_results_combo_id_fkey FOREIGN KEY (combo_id) REFERENCES public.kart_combos(combo_id);


--
-- Name: race_results race_results_player_id_fkey; Type: FK CONSTRAINT; Schema: public; Owner: postgres
--

ALTER TABLE ONLY public.race_results
    ADD CONSTRAINT race_results_player_id_fkey FOREIGN KEY (player_id) REFERENCES public.players(player_id);


--
-- Name: race_results race_results_race_id_fkey; Type: FK CONSTRAINT; Schema: public; Owner: postgres
--

ALTER TABLE ONLY public.race_results
    ADD CONSTRAINT race_results_race_id_fkey FOREIGN KEY (race_id) REFERENCES public.races(race_id);


--
-- Name: races races_prix_id_fkey; Type: FK CONSTRAINT; Schema: public; Owner: postgres
--

ALTER TABLE ONLY public.races
    ADD CONSTRAINT races_prix_id_fkey FOREIGN KEY (prix_id) REFERENCES public.prixs(prix_id);


--
-- Name: races races_track_id_fkey; Type: FK CONSTRAINT; Schema: public; Owner: postgres
--

ALTER TABLE ONLY public.races
    ADD CONSTRAINT races_track_id_fkey FOREIGN KEY (track_id) REFERENCES public.tracks(track_id);


--
-- Name: SCHEMA public; Type: ACL; Schema: -; Owner: jbeallor
--

GRANT USAGE ON SCHEMA public TO jasonkronick;


--
-- Name: TABLE alembic_version; Type: ACL; Schema: public; Owner: postgres
--

GRANT SELECT,INSERT,DELETE,UPDATE ON TABLE public.alembic_version TO jasonkronick;


--
-- Name: TABLE kart_combos; Type: ACL; Schema: public; Owner: postgres
--

GRANT SELECT,INSERT,DELETE,UPDATE ON TABLE public.kart_combos TO jasonkronick;


--
-- Name: SEQUENCE kart_combos_combo_id_seq; Type: ACL; Schema: public; Owner: postgres
--

GRANT SELECT,USAGE ON SEQUENCE public.kart_combos_combo_id_seq TO jasonkronick;


--
-- Name: TABLE players; Type: ACL; Schema: public; Owner: postgres
--

GRANT SELECT,INSERT,DELETE,UPDATE ON TABLE public.players TO jasonkronick;


--
-- Name: SEQUENCE players_player_id_seq; Type: ACL; Schema: public; Owner: postgres
--

GRANT SELECT,USAGE ON SEQUENCE public.players_player_id_seq TO jasonkronick;


--
-- Name: TABLE prixs; Type: ACL; Schema: public; Owner: postgres
--

GRANT SELECT,INSERT,DELETE,UPDATE ON TABLE public.prixs TO jasonkronick;


--
-- Name: SEQUENCE prixs_prix_id_seq; Type: ACL; Schema: public; Owner: postgres
--

GRANT SELECT,USAGE ON SEQUENCE public.prixs_prix_id_seq TO jasonkronick;


--
-- Name: TABLE race_results; Type: ACL; Schema: public; Owner: postgres
--

GRANT SELECT,INSERT,DELETE,UPDATE ON TABLE public.race_results TO jasonkronick;


--
-- Name: SEQUENCE race_results_result_id_seq; Type: ACL; Schema: public; Owner: postgres
--

GRANT SELECT,USAGE ON SEQUENCE public.race_results_result_id_seq TO jasonkronick;


--
-- Name: TABLE races; Type: ACL; Schema: public; Owner: postgres
--

GRANT SELECT,INSERT,DELETE,UPDATE ON TABLE public.races TO jasonkronick;


--
-- Name: SEQUENCE races_race_id_seq; Type: ACL; Schema: public; Owner: postgres
--

GRANT SELECT,USAGE ON SEQUENCE public.races_race_id_seq TO jasonkronick;


--
-- Name: TABLE tracks; Type: ACL; Schema: public; Owner: postgres
--

GRANT SELECT,INSERT,DELETE,UPDATE ON TABLE public.tracks TO jasonkronick;


--
-- Name: SEQUENCE tracks_track_id_seq; Type: ACL; Schema: public; Owner: postgres
--

GRANT SELECT,USAGE ON SEQUENCE public.tracks_track_id_seq TO jasonkronick;


--
-- Name: DEFAULT PRIVILEGES FOR SEQUENCES; Type: DEFAULT ACL; Schema: public; Owner: postgres
--

ALTER DEFAULT PRIVILEGES FOR ROLE postgres IN SCHEMA public GRANT SELECT,USAGE ON SEQUENCES  TO jasonkronick;


--
-- Name: DEFAULT PRIVILEGES FOR TABLES; Type: DEFAULT ACL; Schema: public; Owner: postgres
--

ALTER DEFAULT PRIVILEGES FOR ROLE postgres IN SCHEMA public GRANT SELECT,INSERT,DELETE,UPDATE ON TABLES  TO jasonkronick;


--
-- PostgreSQL database dump complete
--

